generation,window_start,window_end,fitness_range,fitness_stable,population_relative_range,population_stable,unique_genome_ratio_range,unique_stable,recall_range,recall_stable,converged
10,6,10,0.0378636167734826,False,0.5674107142857143,False,0.1088365416747547,False,0.05084745762711862,False,False
11,7,11,0.04760917194792624,False,0.3870583564906709,False,0.0763483050348221,False,0.03389830508474578,False,False
12,8,12,0.051042873585478765,False,0.22424821704286452,False,0.050329014944232975,False,0.0423728813559322,False,False
13,9,13,0.05053981902956428,False,0.12792577493498278,False,0.039425230793967536,False,0.05084745762711862,False,False
14,10,14,0.05146616628050371,False,0.06333447449503594,False,0.03294692530365867,False,0.0423728813559322,False,False
15,11,15,0.052036166930338856,False,0.020644375253824284,True,0.020049416051726998,False,0.05084745762711862,False,False
16,12,16,0.0571160577675045,False,0.020851550413667853,True,0.01745436845728654,True,0.0423728813559322,False,False
17,13,17,0.06621651861812239,False,0.021744948481198983,True,0.01928732615877443,True,0.0423728813559322,False,False
18,14,18,0.06925643887305044,False,0.028609447771124417,True,0.024061932745027298,False,0.03389830508474578,False,False
19,15,19,0.0723952503123052,False,0.03899021940259054,True,0.02987949505548415,False,0.04237288135593231,False,False
20,16,20,0.07326307535518273,False,0.0265382347159426,True,0.03121639370604465,False,0.03389830508474578,False,False
21,17,21,0.07677936465545354,False,0.02086321554309558,True,0.031546669769542984,False,0.0423728813559322,False,False
22,18,22,0.07715545974713722,False,0.013978284896950785,True,0.02847531350259877,False,0.10169491525423724,False,False
23,19,23,0.07656940895336561,False,0.006810221818653522,True,0.03344427188738369,False,0.0847457627118644,False,False
24,20,24,0.07170578835686559,False,0.01294665976178146,True,0.03582611548638287,False,0.0847457627118644,False,False
25,21,25,0.058649171163439595,False,0.012959243180198277,True,0.033318402791225554,False,0.0847457627118644,False,False
26,22,26,0.05702167860021412,False,0.02503413746017296,True,0.03523123476106138,False,0.03389830508474578,False,False
27,23,27,0.05650494066560796,False,0.026077319251580935,True,0.03350055475575031,False,0.025423728813559254,False,False
28,24,28,0.058137809057635326,False,0.026136957658128592,True,0.03313044998130463,False,0.05084745762711862,False,False
29,25,29,0.06092574110756532,False,0.022365478226549138,True,0.03487511682264441,False,0.0423728813559322,False,False
30,26,30,0.057754829634173666,False,0.013867793700059434,True,0.03679832671734917,False,0.0423728813559322,False,False
31,27,31,0.05039621140611128,False,0.016213354509959633,True,0.032954385847684065,False,0.0847457627118644,False,False
32,28,32,0.04084246369015254,False,0.01620263210105152,True,0.028064717192362088,False,0.07627118644067798,False,False
33,29,33,0.032505724202809505,False,0.012921608905970447,True,0.024788593504491474,False,0.07627118644067798,False,False
34,30,34,0.025946659155934748,False,0.02211075176556003,True,0.020365911406763054,False,0.06779661016949157,False,False
35,31,35,0.022806164041837995,False,0.02628984554715741,True,0.022502411327771546,False,0.025423728813559365,False,False
36,32,36,0.02536870090632648,False,0.03325508607198748,True,0.025703263636902576,False,0.05932203389830515,False,False
37,33,37,0.02405645598897721,False,0.03315779208113907,True,0.02514790075005316,False,0.07627118644067798,False,False
38,34,38,0.024492122181951737,False,0.017438480914551444,True,0.023325192052532404,False,0.12711864406779666,False,False
39,35,39,0.020661925745122045,False,0.013199407636340223,True,0.019627559986401005,True,0.15254237288135597,False,False
40,36,40,0.016198438389027237,False,0.011889460154241645,True,0.012747985132857256,True,0.1271186440677966,False,False
41,37,41,0.014758416002904284,False,0.011907060565102658,True,0.008548909748499992,True,0.11016949152542377,False,False
42,38,42,0.011663186095076439,False,0.008361204013377926,True,0.009141401029432478,True,0.05932203389830509,False,False
43,39,43,0.00995010417256248,True,0.0064408089656060805,True,0.012706737568071072,True,0.050847457627118675,False,False
44,40,44,0.007432355563496418,True,0.00836981715168684,True,0.014149229084241682,True,0.05932203389830509,False,False
45,41,45,0.006746278334892275,True,0.017338813254559465,True,0.015244110932525257,True,0.05932203389830509,False,False
46,42,46,0.00413109957081792,True,0.02110649184521906,True,0.01398128240734739,True,0.06779661016949151,False,False
47,43,47,0.004747130461202564,True,0.0377585988069552,True,0.01005005397978212,True,0.05084745762711862,False,False
48,44,48,0.005852331984420256,True,0.032737345756736334,True,0.007835673215951383,True,0.0423728813559322,False,False
49,45,49,0.004702009737313717,True,0.023816985271074897,True,0.006446932946456915,True,0.0847457627118644,False,False
50,46,50,0.004397957367223593,True,0.022243107769423558,True,0.0032848757862160155,True,0.06779661016949151,False,False
