generation,population_size,reference_topic_count,keyword_occurrence_count,coherent_keyword_occurrence_count,unresolved_keyword_occurrence_count,coherency_rate,covered_reference_topic_count,coverage_span,recall,precision,generation_f1,precision_component_count,precision_subgraph_node_count,mean_micro_fitness,median_micro_fitness,max_micro_fitness,min_micro_fitness,mean_cohesion,mean_dependence,unique_genome_ratio,unique_keyword_count,resource_type_entropy,interactivity_type_entropy,coverage_rate_at_1,threshold_covered_topic_count_at_1,coverage_rate_at_2,threshold_covered_topic_count_at_2,coverage_rate_at_3,threshold_covered_topic_count_at_3,coverage_rate_at_5,threshold_covered_topic_count_at_5,operator_attempt_budget,attempted_composition,attempted_crossover,attempted_decomposition,attempted_defusion,attempted_fusion,attempted_mutation,successful_mutation,offspring_mutation,skipped_composition,skipped_crossover,skipped_decomposition,skipped_defusion,skipped_fusion,successful_composition,successful_crossover,offspring_composition,offspring_crossover,successful_fusion,offspring_fusion,successful_decomposition,offspring_decomposition,successful_defusion,offspring_defusion
0,298,118,397,397,0,1.0,118,1.0,1.0,1.0,1.0,1,1070,0.3014201536319226,0.33562499999999995,1.0,0.0,0.461049399625622,0.14179090763822308,0.6375838926174496,118,1.3323756381456564,0.6832690775847653,1.0,118,0.3389830508474576,40,0.2033898305084746,24,0.1271186440677966,15,,,,,,,,,,,,,,,,,,,,,,,,
1,309,118,411,411,0,1.0,118,1.0,1.0,1.0,1.0,1,1070,0.30902871342711846,0.3833333333333333,1.0,0.0,0.4772687845364683,0.14078864231776853,0.6472491909385113,118,1.3653253748377714,0.6804113538056187,1.0,118,0.3644067796610169,43,0.2033898305084746,24,0.1271186440677966,15,298,44,91,16,14,28,105,11,11,44,91,16,14,28,,,,,,,,,,
2,447,118,727,727,0,1.0,118,1.0,1.0,1.0,1.0,1,1070,0.37524696642266153,0.5,1.0,0.0,0.571223310353224,0.179270622492099,0.6219239373601789,118,1.324217391833289,0.8510128314384611,1.0,118,0.6694915254237288,79,0.423728813559322,50,0.2288135593220339,27,309,33,119,20,15,26,96,11,11,,,20,15,,33,94,33,94,,,,,,
3,468,118,1017,1017,0,1.0,107,0.9067796610169492,0.9067796610169492,1.0,0.9511111111111111,1,971,0.5114319994379518,0.5,1.0,0.14285714285714285,0.770572162625734,0.2522918362501696,0.6602564102564102,107,1.3086507443276352,0.9296487480242415,0.9067796610169492,107,0.8135593220338984,96,0.6186440677966102,73,0.3050847457627119,36,447,35,149,19,21,61,162,11,11,,,19,21,,35,98,35,98,3,3,,,,
4,703,118,1539,1539,0,1.0,107,0.9067796610169492,0.9067796610169492,1.0,0.9511111111111111,1,971,0.5248619900781555,0.5,1.0,0.14285714285714285,0.7853959867493702,0.26432799340694074,0.5732574679943101,107,1.3241757021488223,0.9944468915032203,0.9067796610169492,107,0.8389830508474576,99,0.711864406779661,84,0.4576271186440678,54,468,41,180,26,24,38,159,16,16,,,,24,,41,126,41,126,,,26,52,,
5,1050,118,2361,2361,0,1.0,104,0.8813559322033898,0.8813559322033898,1.0,0.936936936936937,1,946,0.5377593078501242,0.5,1.0,0.23511904761904762,0.7895279127524025,0.2859907029478458,0.4819047619047619,104,1.3325507723373378,1.0029219661788995,0.8813559322033898,104,0.8389830508474576,99,0.7711864406779662,91,0.6440677966101694,76,703,61,258,34,30,77,243,27,27,,,,17,,61,184,61,184,2,2,34,68,13,26
6,1523,118,3414,3414,0,1.0,104,0.8813559322033898,0.8813559322033898,1.0,0.936936936936937,1,946,0.5493088929353507,0.5,1.0,0.23511904761904762,0.8018456465049968,0.29677213936570473,0.412344057780696,104,1.3539344008413072,1.0219128474960995,0.8813559322033898,104,0.8389830508474576,99,0.788135593220339,93,0.6949152542372882,82,1000,105,348,53,46,105,343,33,33,,,,44,,105,245,105,245,5,5,53,106,2,4
7,1943,118,4396,4396,0,1.0,101,0.8559322033898306,0.8559322033898306,1.0,0.9223744292237444,1,930,0.5544230644546184,0.5,1.0,0.23511904761904762,0.8007221756051499,0.30812395330408715,0.3669583118888317,101,1.361505085975582,1.018486517163365,0.8559322033898306,101,0.8305084745762712,98,0.7966101694915254,94,0.7542372881355932,89,1000,76,348,48,55,113,360,33,33,,,,47,,76,241,76,241,2,2,48,96,8,16
8,2339,118,5310,5310,0,1.0,100,0.847457627118644,0.847457627118644,1.0,0.9174311926605504,1,929,0.5625372979302722,0.5,1.0,0.23511904761904762,0.804028327274729,0.3210462685858154,0.3334758443779393,100,1.3716206747104067,1.0171105564728187,0.847457627118644,100,0.8220338983050848,97,0.7966101694915254,94,0.7288135593220338,86,1000,110,337,41,57,105,350,36,36,,,,34,,110,233,110,233,2,2,41,82,23,46
9,2601,118,6041,6041,0,1.0,100,0.847457627118644,0.847457627118644,1.0,0.9174311926605504,1,929,0.5745786083738748,0.5,1.0,0.23511904761904762,0.8028800522871943,0.34627716446055545,0.3156478277585544,100,1.3693871134141573,1.0127228306370966,0.847457627118644,100,0.8050847457627118,95,0.7966101694915254,94,0.7372881355932204,87,1000,84,339,60,40,102,375,36,36,,,,33,,84,246,84,246,4,4,60,120,7,14
10,2794,118,6545,6545,0,1.0,98,0.8305084745762712,0.8305084745762712,1.0,0.9074074074074074,1,927,0.5871725097088333,0.5,1.0,0.23511904761904762,0.8087296844027253,0.3656153350149413,0.3035075161059413,98,1.3733220321566457,1.0097171057608576,0.8305084745762712,98,0.7966101694915254,94,0.7966101694915254,94,0.7288135593220338,86,1000,89,369,43,53,82,364,28,28,,,,41,,89,262,89,262,1,1,43,86,12,24
11,2918,118,6917,6917,0,1.0,97,0.8220338983050848,0.8220338983050848,1.0,0.9023255813953489,1,921,0.6020322364025447,0.5,1.0,0.23511904761904762,0.8141813717465256,0.3898831010585637,0.2906100068540096,97,1.375687965043396,0.9983977935288486,0.8220338983050848,97,0.788135593220339,93,0.7627118644067796,90,0.7288135593220338,86,1000,86,363,65,47,94,345,29,29,,,,31,,86,253,86,253,1,1,65,130,16,32
12,2949,118,7065,7065,0,1.0,95,0.8050847457627118,0.8050847457627118,1.0,0.8920187793427229,1,917,0.613580171515751,0.5,1.0,0.23511904761904762,0.8176872905574322,0.4094730524740698,0.28314682943370634,95,1.3686481940412545,0.9910264933932427,0.8050847457627118,95,0.7457627118644068,88,0.7372881355932204,87,0.6864406779661016,81,1000,104,368,35,53,91,349,33,33,,,,45,,104,248,104,248,1,1,35,70,8,16
13,2965,118,7263,7263,0,1.0,94,0.7966101694915254,0.7966101694915254,1.0,0.8867924528301886,1,900,0.625118427403439,0.5,1.0,0.23511904761904762,0.81621177383576,0.4340250809711181,0.27622259696458684,94,1.3622222037139307,0.9784707820503348,0.7966101694915254,94,0.7542372881355932,89,0.7288135593220338,86,0.6779661016949152,80,1000,99,349,46,48,102,356,29,29,,,,40,,99,238,99,238,3,3,46,92,8,16
14,2979,118,7395,7395,0,1.0,93,0.788135593220339,0.788135593220339,1.0,0.8815165876777251,1,899,0.638638675989337,0.5,1.0,0.25,0.8175126232159592,0.4597647287627147,0.2705605908022826,93,1.350244474045982,0.958973000173313,0.788135593220339,93,0.7796610169491526,92,0.7288135593220338,86,0.6694915254237288,79,1000,113,339,49,47,99,353,37,37,,,,42,,113,240,113,240,2,2,49,98,5,10
15,2963,118,7549,7549,0,1.0,91,0.7711864406779662,0.7711864406779662,1.0,0.8708133971291866,1,865,0.6540684033328835,0.5166099773242631,1.0,0.25,0.8126255407351627,0.4955112659306044,0.27168410394870063,91,1.3562483884917147,0.9413770930162958,0.7711864406779662,91,0.7457627118644068,88,0.7372881355932204,87,0.6694915254237288,79,1000,88,358,39,56,104,355,38,38,,,,48,,88,257,88,257,5,5,39,78,8,16
16,3011,118,7827,7827,0,1.0,90,0.7627118644067796,0.7627118644067796,1.0,0.8653846153846153,1,890,0.6706962292832555,0.5714285714285714,1.0,0.25,0.8124878864420781,0.5289045721244326,0.2656924609764198,90,1.3727758999424757,0.9290061524301664,0.7627118644067796,90,0.7457627118644068,88,0.7372881355932204,87,0.6694915254237288,79,1000,106,345,61,52,110,326,41,41,,,,43,,106,235,106,235,4,4,61,122,9,18
17,3028,118,7951,7951,0,1.0,89,0.7542372881355932,0.7542372881355932,1.0,0.8599033816425121,1,885,0.6913349460215614,0.6063888888888889,1.0,0.25,0.8169905709972232,0.5656793210458997,0.2569352708058124,89,1.374013462581687,0.9112846027118973,0.7542372881355932,89,0.7372881355932204,87,0.6864406779661016,81,0.6186440677966102,73,1000,104,355,44,42,105,350,32,32,,,,30,,104,257,104,257,4,4,44,88,12,24
18,3049,118,8005,8005,0,1.0,89,0.7542372881355932,0.7542372881355932,1.0,0.8599033816425121,1,885,0.7078951148623874,0.6388888888888888,1.0,0.25,0.8228027292692522,0.5929875004555227,0.24762217120367333,89,1.3652841531956885,0.8967428517342196,0.7542372881355932,89,0.6864406779661016,81,0.6610169491525424,78,0.6186440677966102,73,1000,92,359,44,54,101,350,28,28,,,,31,,92,244,92,244,3,3,44,88,23,46
19,3081,118,8047,8047,0,1.0,86,0.7288135593220338,0.7288135593220338,1.0,0.8431372549019608,1,826,0.7264636536451887,0.6666666666666666,1.0,0.25,0.8286538416561523,0.6242734656342251,0.24180460889321648,86,1.394945667945138,0.8781737916028565,0.7288135593220338,86,0.6864406779661016,81,0.6440677966101694,76,0.6016949152542372,71,1000,114,356,55,52,95,328,42,42,,,,36,,114,245,114,245,4,4,55,110,16,32
20,3092,118,8056,8056,0,1.0,86,0.7288135593220338,0.7288135593220338,1.0,0.8431372549019608,1,826,0.7439593046384382,0.71,1.0,0.25,0.8355687663642909,0.6523498429125855,0.23447606727037515,86,1.422857166421318,0.85770996649487,0.7288135593220338,86,0.6864406779661016,81,0.6440677966101694,76,0.5508474576271186,65,1000,103,323,62,54,93,365,34,34,,,,37,,103,221,103,221,3,3,62,124,17,34
21,3088,118,7963,7963,0,1.0,84,0.711864406779661,0.711864406779661,1.0,0.8316831683168318,1,817,0.768114310677015,0.875,1.0,0.25,0.8478562480091826,0.6883723733448475,0.22538860103626943,84,1.4556626224942382,0.8343429356435887,0.711864406779661,84,0.652542372881356,77,0.6101694915254238,72,0.576271186440678,68,1000,105,338,53,48,102,354,42,42,,,,34,,105,239,105,239,2,2,53,106,14,28
22,3071,118,7838,7838,0,1.0,77,0.652542372881356,0.652542372881356,1.0,0.7897435897435898,1,735,0.7850505746095247,0.875,1.0,0.25,0.8576203207141244,0.7124808285049249,0.21914685770107456,77,1.4606519645046252,0.80611362575152,0.652542372881356,77,0.6440677966101694,76,0.6016949152542372,71,0.5677966101694916,67,1000,91,369,51,38,104,347,31,31,,,,30,,91,264,91,264,2,2,51,102,8,16
23,3086,118,7914,7914,0,1.0,76,0.6440677966101694,0.6440677966101694,1.0,0.7835051546391751,1,723,0.8030330625985543,0.9166666666666667,1.0,0.34652777777777777,0.8625351849892401,0.7435309402078683,0.20836033700583279,76,1.4621998106458038,0.7802177385381707,0.6440677966101694,76,0.6271186440677966,74,0.5847457627118644,69,0.5508474576271186,65,1000,111,356,46,49,92,346,44,44,,,,38,,111,256,111,256,4,4,46,92,11,22
24,3111,118,8007,8007,0,1.0,76,0.6440677966101694,0.6440677966101694,1.0,0.7835051546391751,1,723,0.8156650929953038,0.9166666666666667,1.0,0.34652777777777777,0.8667320583363887,0.764598127654219,0.19864995178399228,76,1.4645040572781172,0.7575134315458983,0.6440677966101694,76,0.635593220338983,75,0.576271186440678,68,0.5423728813559322,64,1000,99,357,54,58,95,337,29,29,,,,43,,99,258,99,258,2,2,54,108,15,30
25,3077,118,7968,7968,0,1.0,74,0.6271186440677966,0.6271186440677966,1.0,0.7708333333333333,1,709,0.8267634818404546,1.0,1.0,0.34652777777777777,0.8683600979782132,0.7851668657026961,0.19207019824504387,74,1.466393514736666,0.7426737422225052,0.6271186440677966,74,0.5932203389830508,70,0.5169491525423728,61,0.5,59,1000,90,348,56,48,102,356,22,22,,,,35,,90,241,90,241,6,6,56,112,13,26
26,3034,118,7851,7851,0,1.0,73,0.6186440677966102,0.6186440677966102,1.0,0.7643979057591622,1,708,0.8420722532097388,1.0,1.0,0.34652777777777777,0.8733639109285161,0.8107805954909613,0.18391562294001318,73,1.4582097966650565,0.7132776359271153,0.6186440677966102,73,0.5847457627118644,69,0.4915254237288136,58,0.4915254237288136,58,1000,99,360,47,59,115,320,38,38,,,,48,,99,255,99,255,5,5,47,94,11,22
27,3031,118,7799,7799,0,1.0,73,0.6186440677966102,0.6186440677966102,1.0,0.7643979057591622,1,707,0.8595380032641623,1.0,1.0,0.34652777777777777,0.8801920294065547,0.8388839771217699,0.17485978225008247,73,1.4423561745368987,0.6672794005765352,0.6186440677966102,73,0.5338983050847458,63,0.4915254237288136,58,0.4576271186440678,54,1000,97,350,46,50,93,364,36,36,,,,39,,97,252,97,252,5,5,46,92,11,22
28,3051,118,7806,7806,0,1.0,70,0.5932203389830508,0.5932203389830508,1.0,0.7446808510638298,1,638,0.8738029020529391,1.0,1.0,0.34652777777777777,0.8873868369531189,0.8602189671527594,0.16551950180268765,70,1.4365180133071909,0.6425853522334792,0.5932203389830508,70,0.5423728813559322,64,0.5084745762711864,60,0.4576271186440678,54,1000,97,346,56,57,95,349,30,30,,,,37,,97,254,97,254,3,3,56,112,20,40
29,3009,118,7689,7689,0,1.0,69,0.5847457627118644,0.5847457627118644,1.0,0.7379679144385026,1,602,0.8876892229480199,1.0,1.0,0.36666666666666664,0.8932741854850331,0.8821042604110069,0.15719508142239946,69,1.4357330351534865,0.619910384035797,0.5847457627118644,69,0.5338983050847458,63,0.4745762711864407,56,0.4406779661016949,52,1000,98,361,44,46,101,350,30,30,,,,31,,98,240,98,240,5,5,44,88,15,30
30,3018,118,7685,7685,0,1.0,68,0.576271186440678,0.576271186440678,1.0,0.7311827956989247,1,587,0.8998270828439124,1.0,1.0,0.36666666666666664,0.8991928945141613,0.9004612711736635,0.147117296222664,68,1.4415822078261178,0.5993505010598715,0.576271186440678,68,0.4491525423728814,53,0.4491525423728814,53,0.4491525423728814,53,1000,99,352,42,48,93,366,35,35,,,,29,,99,246,99,246,2,2,42,84,19,38
31,3002,118,7589,7589,0,1.0,63,0.5338983050847458,0.5338983050847458,1.0,0.696132596685083,1,546,0.9099342146702736,1.0,1.0,0.36666666666666664,0.9052904716121897,0.9145779577283575,0.1419053964023984,63,1.43532393643334,0.5747617000547154,0.5338983050847458,63,0.4830508474576271,57,0.4491525423728814,53,0.4152542372881356,49,1000,105,361,42,49,98,345,28,28,,,,36,,105,252,105,252,7,7,42,84,13,26
32,3041,118,7669,7669,0,1.0,61,0.5169491525423728,0.5169491525423728,1.0,0.6815642458100558,1,533,0.9146453657430916,1.0,1.0,0.36666666666666664,0.908087736787628,0.9212029946985554,0.13745478461032556,61,1.4504282386804135,0.5489429788083473,0.5169491525423728,61,0.4830508474576271,57,0.4406779661016949,52,0.4152542372881356,49,1000,102,338,51,50,102,357,35,35,,,,31,,102,237,102,237,8,8,51,102,19,38
33,3021,118,7612,7612,0,1.0,60,0.5084745762711864,0.5084745762711864,1.0,0.6741573033707865,1,529,0.9201949471508294,1.0,1.0,0.36666666666666664,0.9108184508432574,0.9295714434584015,0.132406487917908,60,1.4430692586588265,0.5233558421442821,0.5084745762711864,60,0.4830508474576271,57,0.4745762711864407,56,0.3898305084745763,46,1000,94,349,41,47,110,359,37,37,,,,29,,94,258,94,258,10,10,41,82,18,36
34,3069,118,7689,7689,0,1.0,62,0.5254237288135594,0.5254237288135594,1.0,0.688888888888889,1,550,0.9257737419998472,1.0,1.0,0.36666666666666664,0.9149241224614582,0.936623361538236,0.12675138481590095,62,1.4501151017998002,0.5008195682035564,0.5254237288135594,62,0.4491525423728814,53,0.4322033898305085,51,0.3389830508474576,40,1000,93,346,55,56,117,333,38,38,,,,33,,93,230,93,230,11,11,55,110,23,46
35,3082,118,7698,7698,0,1.0,62,0.5254237288135594,0.5254237288135594,1.0,0.688888888888889,1,550,0.9327403787121116,1.0,1.0,0.36666666666666664,0.9182652712766315,0.947215486147592,0.11940298507462686,62,1.4445895305711098,0.47593402957752895,0.5254237288135594,62,0.4406779661016949,52,0.3559322033898305,42,0.3135593220338983,37,1000,101,342,55,43,99,360,35,35,,,,23,,101,238,101,238,8,8,55,110,20,40
36,3123,118,7692,7692,0,1.0,55,0.4661016949152542,0.4661016949152542,1.0,0.6358381502890172,1,465,0.9400140666494181,1.0,1.0,0.3944444444444444,0.9248709681628845,0.9551571651359515,0.11175152097342299,55,1.4429585731423313,0.44386638996131705,0.4661016949152542,55,0.3983050847457627,47,0.3559322033898305,42,0.2966101694915254,35,1000,100,340,50,68,109,333,36,36,,,,29,,100,231,100,231,8,8,50,100,39,78
37,3086,118,7524,7524,0,1.0,53,0.4491525423728814,0.4491525423728814,1.0,0.6198830409356725,1,466,0.9442514031398066,1.0,1.0,0.3944444444444444,0.9292228742088516,0.9592799320707616,0.10725858716785483,53,1.4345928434013062,0.40996105436471786,0.4491525423728814,53,0.3644067796610169,43,0.3220338983050847,38,0.2796610169491525,33,1000,87,362,48,43,94,366,32,32,,,,20,,87,257,87,257,7,7,48,96,23,46
38,3123,118,7531,7531,0,1.0,47,0.3983050847457627,0.3983050847457627,1.0,0.5696969696969697,1,398,0.9502658641817989,1.0,1.0,0.3944444444444444,0.933819712038229,0.966712016325369,0.10342619276336855,47,1.4229243313888906,0.4052153377968512,0.3983050847457627,47,0.3220338983050847,38,0.3050847457627119,36,0.22033898305084745,26,1000,132,354,38,45,89,342,35,35,,,,23,,132,243,132,243,4,4,38,76,22,44
39,3117,118,7482,7482,0,1.0,44,0.3728813559322034,0.3728813559322034,1.0,0.54320987654321,1,363,0.9534023044572336,1.0,1.0,0.3944444444444444,0.9369875789049444,0.9698170300095228,0.09977542508822586,44,1.4061011474397156,0.38518095434640764,0.3728813559322034,44,0.3135593220338983,37,0.2796610169491525,33,0.2288135593220339,27,1000,92,360,43,52,105,348,42,42,,,,22,,92,244,92,244,10,10,43,86,30,60
40,3111,118,7413,7413,0,1.0,40,0.3389830508474576,0.3389830508474576,1.0,0.5063291139240507,1,322,0.9562125050384453,1.0,1.0,0.3944444444444444,0.940061634854306,0.9723633752225844,0.09900353584056573,40,1.4122330201298718,0.35838662442561026,0.3389830508474576,40,0.2966101694915254,35,0.2542372881355932,30,0.2288135593220339,27,1000,105,343,41,47,93,371,46,46,,,,24,,105,241,105,241,9,9,41,82,23,46
41,3100,118,7348,7348,0,1.0,46,0.3898305084745763,0.3898305084745763,1.0,0.5609756097560975,1,366,0.9590098191427109,1.0,1.0,0.3944444444444444,0.9426833223612026,0.9753363159242191,0.09870967741935484,46,1.4039551709040838,0.32875767714425985,0.3898305084745763,46,0.2711864406779661,32,0.23728813559322035,28,0.2288135593220339,27,1000,112,350,45,67,77,349,42,42,,,,41,,112,232,112,232,11,11,45,90,26,52
42,3097,118,7342,7342,0,1.0,45,0.3813559322033898,0.3813559322033898,1.0,0.5521472392638037,1,350,0.9619290502768754,1.0,1.0,0.45833333333333337,0.9431286952408776,0.9807294053128732,0.09428479173393607,45,1.393011151752528,0.31818639559787476,0.3813559322033898,45,0.2542372881355932,30,0.23728813559322035,28,0.22033898305084745,26,1000,99,359,52,58,99,333,36,36,,,,33,,99,227,99,227,12,12,52,104,25,50
43,3101,118,7353,7353,0,1.0,42,0.3559322033898305,0.3559322033898305,1.0,0.525,1,321,0.9633524086297961,1.0,1.0,0.4975,0.9432666150411579,0.9834382022184345,0.08706868752015479,42,1.3852606588809946,0.2863048440231658,0.3559322033898305,42,0.288135593220339,34,0.2288135593220339,27,0.22033898305084745,26,1000,97,348,34,61,118,342,29,29,,,,29,,97,257,97,257,13,13,34,68,32,64
44,3123,118,7395,7395,0,1.0,39,0.3305084745762712,0.3305084745762712,1.0,0.4968152866242038,1,283,0.9636448606019418,1.0,1.0,0.3944444444444444,0.9439190941613064,0.983370627042577,0.08485430675632405,39,1.3958912390075278,0.2948213433954001,0.3305084745762712,39,0.2457627118644068,29,0.2288135593220339,27,0.2033898305084746,24,1000,100,344,55,52,90,359,39,39,,,,26,,100,237,100,237,7,7,55,110,26,52
45,3151,118,7404,7404,0,1.0,39,0.3305084745762712,0.3305084745762712,1.0,0.4968152866242038,1,283,0.9657560974776032,1.0,1.0,0.3944444444444444,0.9465935120477895,0.9849186829074166,0.08346556648682958,39,1.3867834135595556,0.27311648827223783,0.3305084745762712,39,0.2711864406779661,32,0.2288135593220339,27,0.2033898305084746,24,1000,111,336,43,50,91,369,35,35,,,,26,,111,247,111,247,16,16,43,86,24,48
46,3163,118,7442,7442,0,1.0,37,0.3135593220338983,0.3135593220338983,1.0,0.4774193548387097,1,291,0.9660601498476933,1.0,1.0,0.3944444444444444,0.9466309611630509,0.9854893385323357,0.08030350932658868,37,1.3766710168678646,0.27985578490834034,0.3135593220338983,37,0.2711864406779661,32,0.2288135593220339,27,0.2033898305084746,24,1000,94,340,57,48,101,360,35,35,,,,28,,94,244,94,244,10,10,57,114,20,40
47,3220,118,7558,7558,0,1.0,36,0.3050847457627119,0.3050847457627119,1.0,0.4675324675324675,1,284,0.9680995390909987,1.0,1.0,0.4975,0.9474715074435571,0.9887275707384402,0.07701863354037267,36,1.368052799974124,0.25528786567072836,0.3050847457627119,36,0.2627118644067797,31,0.2288135593220339,27,0.2033898305084746,24,1000,110,329,62,59,94,346,29,29,,,,23,,110,242,110,242,12,12,62,124,36,72
48,3227,118,7568,7568,0,1.0,34,0.288135593220339,0.288135593220339,1.0,0.4473684210526315,1,253,0.969497192586362,1.0,1.0,0.4975,0.9486503263633725,0.9903440588093516,0.07747133560582585,34,1.363290643547744,0.2522410469372457,0.288135593220339,34,0.2457627118644068,29,0.2033898305084746,24,0.2033898305084746,24,1000,102,360,42,55,99,342,34,34,,,,29,,102,248,102,248,15,15,42,84,26,52
49,3194,118,7489,7489,0,1.0,29,0.2457627118644068,0.2457627118644068,1.0,0.3945578231292517,1,203,0.9704581072149169,1.0,1.0,0.5,0.9492091073540666,0.991707107075767,0.07733249843456481,29,1.3646223874072736,0.24194624914956248,0.2457627118644068,29,0.23728813559322035,28,0.22033898305084745,26,0.2033898305084746,24,1000,109,326,47,68,99,351,31,31,,,,31,,109,224,109,224,8,8,47,94,37,74
50,3156,118,7453,7453,0,1.0,30,0.2542372881355932,0.2542372881355932,1.0,0.4054054054054054,1,225,0.9699889603074014,1.0,1.0,0.5,0.948197713601706,0.9917802070130968,0.0779467680608365,30,1.3696408664211606,0.22994979558074366,0.2542372881355932,30,0.2457627118644068,29,0.23728813559322035,28,0.2033898305084746,24,1000,100,352,56,40,89,363,40,40,,,,18,,100,245,100,245,16,16,56,112,22,44
